{
  "time" : [0.00],
  "i328232" : [  -1.093636E+00],
  "i328233" : [  -1.342352E+02],
  "i328234" : [  -2.832144E-05],
  "i328235" : [   2.597835E-02],
  "i328272" : [ 0.00          ],
  "i328236" : [   2.634444E-07],
  "i328237" : [   3.244851E-05],
  "i328238" : [   2.634429E-07],
  "i328239" : [   3.244832E-05],
  "i328240" : [   2.634458E-07],
  "i328241" : [   3.244868E-05],
  "i328242" : [   2.634409E-07],
  "i328243" : [   3.244807E-05],
  "i328244" : [   2.634453E-07],
  "i328245" : [   3.244862E-05],
  "i328246" : [   2.634436E-07],
  "i328247" : [   3.244841E-05],
  "i328248" : [   2.634453E-07],
  "i328249" : [   3.244862E-05],
  "i328250" : [   2.634454E-07],
  "i328251" : [   3.244864E-05],
  "i328252" : [   2.634416E-07],
  "i328253" : [   3.244816E-05],
  "i328254" : [   2.634442E-07],
  "i328255" : [   3.244849E-05],
  "i328256" : [   9.608081E-01],
  "i328257" : [   1.205020E+02],
  "i328258" : [   2.634446E-07],
  "i328259" : [   3.244853E-05],
  "i328260" : [   2.634442E-07],
  "i328261" : [   3.244849E-05],
  "i328262" : [   2.634450E-07],
  "i328263" : [   3.244859E-05],
  "i328264" : [   2.634424E-07],
  "i328265" : [   3.244827E-05],
  "i328266" : [   2.634444E-07],
  "i328267" : [   3.244851E-05],
  "i328268" : [   2.634428E-07],
  "i328269" : [   3.244831E-05],
  "i328270" : [   2.634446E-07],
  "i328271" : [   3.244853E-05],
  "p1" : [  -5.155434E+03],
  "p2" : [   3.175532E+04],
  "p3" : [   1.482645E+03],
  "p4" : [   1.680331E+03],
  "p5" : [   4.942150E+02],
  "p6" : [   2.075703E+03],
  "p7" : [   8.895870E+02],
  "p8" : [   1.878017E+03],
  "p9" : [   8.895870E+02],
  "p10" : [   7.907440E+02],
  "p11" : [   2.471075E+03],
  "p12" : [   1.581488E+03],
  "p13" : [   3.953720E+03],
  "p14" : [   1.383802E+03],
  "p15" : [   1.581488E+03],
  "p16" : [   1.087273E+03],
  "p17" : [   2.273389E+03],
  "p18" : [   1.482645E+03],
  "p19" : [   2.174546E+03],
  "p20" : [   1.383802E+03],
  "v1" : [  -1.482645E+03],
  "v2" : [  -1.680331E+03],
  "v3" : [  -4.942150E+02],
  "v4" : [  -2.075703E+03],
  "v5" : [  -8.895870E+02],
  "v6" : [  -1.878017E+03],
  "v7" : [  -8.895870E+02],
  "v8" : [  -7.907440E+02],
  "v9" : [  -2.471075E+03],
  "v10" : [  -1.581488E+03],
  "v11" : [  -8.790520E+02],
  "v12" : [  -1.383802E+03],
  "v13" : [  -1.581488E+03],
  "v14" : [  -1.087273E+03],
  "v15" : [  -2.273389E+03],
  "v16" : [  -1.482645E+03],
  "v17" : [  -2.174546E+03],
  "v18" : [  -1.383802E+03],
  "slk_1" : [   3.244852E-05],
  "slk_2" : [   3.244833E-05],
  "slk_3" : [   3.244869E-05],
  "slk_4" : [   3.244808E-05],
  "slk_5" : [   3.244863E-05],
  "slk_6" : [   3.244842E-05],
  "slk_7" : [   3.244863E-05],
  "slk_8" : [   3.244864E-05],
  "slk_9" : [   3.244817E-05],
  "slk_10" : [   3.244850E-05],
  "slk_11" : [   3.074668E+03],
  "slk_12" : [   3.244854E-05],
  "slk_13" : [   3.244850E-05],
  "slk_14" : [   3.244860E-05],
  "slk_15" : [   3.244827E-05],
  "slk_16" : [   3.244852E-05],
  "slk_17" : [   3.244832E-05],
  "slk_18" : [   3.244854E-05]
}
