{
  "INFO" : {
    "N_FV" : 0,
    "N_MV" : 0,
    "N_SV" : 37,
    "N_CV" : 0,
    "FV" : [],
    "MV" : [],
    "SV" : ["v1", "v2", "v3", "v4", "v5", "v6", "v7", "v8", "v9", "v10", "v11", "v12", "v13", "v14", "v15", "v16", "v17", "v18", "v19", "slk_1", "slk_2", "slk_3", "slk_4", "slk_5", "slk_6", "slk_7", "slk_8", "slk_9", "slk_10", "slk_11", "slk_12", "slk_13", "slk_14", "slk_15", "slk_16", "slk_17", "slk_18"],
    "CV" : []
  }
  ,
  "APM" : {
    "APPINFO" : 0,
    "APPINFOCHG" : 0,
    "APPSTATUS" : 1,
    "AUTO_COLD" : 0,
    "BAD_CYCLES" : 0,
    "BNDS_CHK" : 1,
    "COLDSTART" : 0,
    "CSV_READ" : 2,
    "CSV_WRITE" : 1,
    "CTRL_HOR" : 1,
    "CTRL_TIME" : 6.00000000E+01,
    "CTRL_UNITS" : 1,
    "CTRLMODE" : 1,
    "CV_WGT_SLOPE" : 0.00000000E+00,
    "CV_WGT_START" : 0,
    "CV_TYPE" : 1,
    "CYCLECOUNT" : 1,
    "DBS_LEVEL" : 1,
    "DBS_READ" : 1,
    "DBS_WRITE" : 1,
    "DIAGLEVEL" : 0,
    "EV_WGT_SLOPE" : 0.00000000E+00,
    "EV_TYPE" : 1,
    "FILTER" : 1.00000000E+00,
    "FRZE_CHK" : 1,
    "HIST_HOR" : 0,
    "HIST_UNITS" : 0,
    "ICD_CALC" : 0,
    "IMODE" : 3,
    "ITERATIONS" : 7,
    "LINEAR" : 0,
    "MAX_ITER" : 250,
    "MAX_MEMORY" : 4,
    "MAX_TIME" : 1.00000000E+20,
    "MEAS_CHK" : 1,
    "MV_DCOST_SLOPE" : 1.00000000E-01,
    "MV_STEP_HOR" : 1,
    "MV_TYPE" : 0,
    "NODES" : 2,
    "OBJFCNVAL" : 3.14053550E+16,
    "OTOL" : 1.00000000E-06,
    "PRED_HOR" : 1,
    "PRED_TIME" : 6.00000000E+01,
    "REDUCE" : 0,
    "REPLAY" : 0,
    "REQCTRLMODE" : 3,
    "RTOL" : 1.00000000E-06,
    "SCALING" : 1,
    "SENSITIVITY" : 0,
    "SEQUENTIAL" : 0,
    "SOLVER" : 1,
    "SOLVESTATUS" : 1,
    "SOLVETIME" : 1.29000000E-02,
    "SPECS" : 1,
    "SPC_CHART" : 0,
    "STREAM_LEVEL" : 0,
    "TIME_SHIFT" : 1,
    "WEB" : 0,
    "WEB_MENU" : 1,
    "WEB_REFRESH" : 10,
    "WEB_PLOT_FREQ" : 1
  }
  ,
  "v1" : {
    "FSTATUS" : 0.00000000E+00,
    "LOWER" :-3.79900000E+03,
    "MEAS" : 0.00000000E+00,
    "MODEL" : 0.00000000E+00,
    "PRED[0]" : 0.00000000E+00,
    "PRED[1]" : 0.00000000E+00,
    "UPPER" : 0.00000000E+00 
  }
  ,
  "v2" : {
    "FSTATUS" : 0.00000000E+00,
    "LOWER" :-3.79900000E+03,
    "MEAS" : 0.00000000E+00,
    "MODEL" : 0.00000000E+00,
    "PRED[0]" : 0.00000000E+00,
    "PRED[1]" : 0.00000000E+00,
    "UPPER" : 0.00000000E+00 
  }
  ,
  "v3" : {
    "FSTATUS" : 0.00000000E+00,
    "LOWER" :-3.79900000E+03,
    "MEAS" : 0.00000000E+00,
    "MODEL" : 0.00000000E+00,
    "PRED[0]" : 0.00000000E+00,
    "PRED[1]" : 0.00000000E+00,
    "UPPER" : 0.00000000E+00 
  }
  ,
  "v4" : {
    "FSTATUS" : 0.00000000E+00,
    "LOWER" :-3.79900000E+03,
    "MEAS" : 0.00000000E+00,
    "MODEL" : 0.00000000E+00,
    "PRED[0]" : 0.00000000E+00,
    "PRED[1]" : 0.00000000E+00,
    "UPPER" : 0.00000000E+00 
  }
  ,
  "v5" : {
    "FSTATUS" : 0.00000000E+00,
    "LOWER" :-3.79900000E+03,
    "MEAS" : 0.00000000E+00,
    "MODEL" : 0.00000000E+00,
    "PRED[0]" : 0.00000000E+00,
    "PRED[1]" : 0.00000000E+00,
    "UPPER" : 0.00000000E+00 
  }
  ,
  "v6" : {
    "FSTATUS" : 0.00000000E+00,
    "LOWER" :-3.79900000E+03,
    "MEAS" : 0.00000000E+00,
    "MODEL" : 0.00000000E+00,
    "PRED[0]" : 0.00000000E+00,
    "PRED[1]" : 0.00000000E+00,
    "UPPER" : 0.00000000E+00 
  }
  ,
  "v7" : {
    "FSTATUS" : 0.00000000E+00,
    "LOWER" :-3.79900000E+03,
    "MEAS" : 0.00000000E+00,
    "MODEL" : 0.00000000E+00,
    "PRED[0]" : 0.00000000E+00,
    "PRED[1]" : 0.00000000E+00,
    "UPPER" : 0.00000000E+00 
  }
  ,
  "v8" : {
    "FSTATUS" : 0.00000000E+00,
    "LOWER" :-3.79900000E+03,
    "MEAS" : 0.00000000E+00,
    "MODEL" : 0.00000000E+00,
    "PRED[0]" : 0.00000000E+00,
    "PRED[1]" : 0.00000000E+00,
    "UPPER" : 0.00000000E+00 
  }
  ,
  "v9" : {
    "FSTATUS" : 0.00000000E+00,
    "LOWER" :-3.79900000E+03,
    "MEAS" : 2.82000000E+02,
    "MODEL" : 2.82000000E+02,
    "PRED[0]" : 2.82000000E+02,
    "PRED[1]" : 2.82000000E+02,
    "UPPER" : 2.82000000E+02 
  }
  ,
  "v10" : {
    "FSTATUS" : 0.00000000E+00,
    "LOWER" :-3.79900000E+03,
    "MEAS" : 0.00000000E+00,
    "MODEL" : 0.00000000E+00,
    "PRED[0]" : 0.00000000E+00,
    "PRED[1]" : 0.00000000E+00,
    "UPPER" : 0.00000000E+00 
  }
  ,
  "v11" : {
    "FSTATUS" : 0.00000000E+00,
    "LOWER" :-5.04200000E+03,
    "MEAS" : 5.04200000E+03,
    "MODEL" : 5.04200000E+03,
    "PRED[0]" : 5.04200000E+03,
    "PRED[1]" : 5.04200000E+03,
    "UPPER" : 5.04200000E+03 
  }
  ,
  "v12" : {
    "FSTATUS" : 0.00000000E+00,
    "LOWER" :-3.79900000E+03,
    "MEAS" : 0.00000000E+00,
    "MODEL" : 0.00000000E+00,
    "PRED[0]" : 0.00000000E+00,
    "PRED[1]" : 0.00000000E+00,
    "UPPER" : 0.00000000E+00 
  }
  ,
  "v13" : {
    "FSTATUS" : 0.00000000E+00,
    "LOWER" :-3.79900000E+03,
    "MEAS" : 0.00000000E+00,
    "MODEL" : 0.00000000E+00,
    "PRED[0]" : 0.00000000E+00,
    "PRED[1]" : 0.00000000E+00,
    "UPPER" : 0.00000000E+00 
  }
  ,
  "v14" : {
    "FSTATUS" : 0.00000000E+00,
    "LOWER" :-3.79900000E+03,
    "MEAS" : 0.00000000E+00,
    "MODEL" : 0.00000000E+00,
    "PRED[0]" : 0.00000000E+00,
    "PRED[1]" : 0.00000000E+00,
    "UPPER" : 0.00000000E+00 
  }
  ,
  "v15" : {
    "FSTATUS" : 0.00000000E+00,
    "LOWER" :-3.79900000E+03,
    "MEAS" : 0.00000000E+00,
    "MODEL" : 0.00000000E+00,
    "PRED[0]" : 0.00000000E+00,
    "PRED[1]" : 0.00000000E+00,
    "UPPER" : 0.00000000E+00 
  }
  ,
  "v16" : {
    "FSTATUS" : 0.00000000E+00,
    "LOWER" :-3.79900000E+03,
    "MEAS" : 0.00000000E+00,
    "MODEL" : 0.00000000E+00,
    "PRED[0]" : 0.00000000E+00,
    "PRED[1]" : 0.00000000E+00,
    "UPPER" : 0.00000000E+00 
  }
  ,
  "v17" : {
    "FSTATUS" : 0.00000000E+00,
    "LOWER" :-3.79900000E+03,
    "MEAS" : 0.00000000E+00,
    "MODEL" : 0.00000000E+00,
    "PRED[0]" : 0.00000000E+00,
    "PRED[1]" : 0.00000000E+00,
    "UPPER" : 0.00000000E+00 
  }
  ,
  "v18" : {
    "FSTATUS" : 0.00000000E+00,
    "LOWER" :-3.79900000E+03,
    "MEAS" : 0.00000000E+00,
    "MODEL" : 0.00000000E+00,
    "PRED[0]" : 0.00000000E+00,
    "PRED[1]" : 0.00000000E+00,
    "UPPER" : 0.00000000E+00 
  }
  ,
  "v19" : {
    "FSTATUS" : 0.00000000E+00,
    "LOWER" :-1.23456789E+20,
    "MEAS" : 0.00000000E+00,
    "MODEL" : 1.33122335E+04,
    "PRED[0]" : 1.33122335E+04,
    "PRED[1]" : 1.33122335E+04,
    "UPPER" : 1.23456789E+20 
  }
  ,
  "slk_1" : {
    "FSTATUS" : 0.00000000E+00,
    "LOWER" : 0.00000000E+00,
    "MEAS" : 0.00000000E+00,
    "MODEL" : 0.00000000E+00,
    "PRED[0]" : 0.00000000E+00,
    "PRED[1]" : 0.00000000E+00,
    "UPPER" : 1.23456789E+20 
  }
  ,
  "slk_2" : {
    "FSTATUS" : 0.00000000E+00,
    "LOWER" : 0.00000000E+00,
    "MEAS" : 0.00000000E+00,
    "MODEL" : 0.00000000E+00,
    "PRED[0]" : 0.00000000E+00,
    "PRED[1]" : 0.00000000E+00,
    "UPPER" : 1.23456789E+20 
  }
  ,
  "slk_3" : {
    "FSTATUS" : 0.00000000E+00,
    "LOWER" : 0.00000000E+00,
    "MEAS" : 0.00000000E+00,
    "MODEL" : 0.00000000E+00,
    "PRED[0]" : 0.00000000E+00,
    "PRED[1]" : 0.00000000E+00,
    "UPPER" : 1.23456789E+20 
  }
  ,
  "slk_4" : {
    "FSTATUS" : 0.00000000E+00,
    "LOWER" : 0.00000000E+00,
    "MEAS" : 0.00000000E+00,
    "MODEL" : 0.00000000E+00,
    "PRED[0]" : 0.00000000E+00,
    "PRED[1]" : 0.00000000E+00,
    "UPPER" : 1.23456789E+20 
  }
  ,
  "slk_5" : {
    "FSTATUS" : 0.00000000E+00,
    "LOWER" : 0.00000000E+00,
    "MEAS" : 0.00000000E+00,
    "MODEL" : 0.00000000E+00,
    "PRED[0]" : 0.00000000E+00,
    "PRED[1]" : 0.00000000E+00,
    "UPPER" : 1.23456789E+20 
  }
  ,
  "slk_6" : {
    "FSTATUS" : 0.00000000E+00,
    "LOWER" : 0.00000000E+00,
    "MEAS" : 0.00000000E+00,
    "MODEL" : 0.00000000E+00,
    "PRED[0]" : 0.00000000E+00,
    "PRED[1]" : 0.00000000E+00,
    "UPPER" : 1.23456789E+20 
  }
  ,
  "slk_7" : {
    "FSTATUS" : 0.00000000E+00,
    "LOWER" : 0.00000000E+00,
    "MEAS" : 0.00000000E+00,
    "MODEL" : 0.00000000E+00,
    "PRED[0]" : 0.00000000E+00,
    "PRED[1]" : 0.00000000E+00,
    "UPPER" : 1.23456789E+20 
  }
  ,